"","lead","follower","X.x","lag","pvalue.x","X.y","TE","pvalue.y","adjcos"
"1","Vehicle1002","Vehicle1004",1992,-2,0.000868785546873321,16810,0.122328094551463,0,-0.995926443746693
"2","Vehicle1005","Vehicle1020",1998,-3,8.78274933127285e-05,16858,0.156961772829748,0,-0.846184560524934
"3","Vehicle1012","Vehicle1014",2008,-3,0.000438150561884865,16934,0.154641250584756,0,0.530224366811726
"4","Vehicle1019","Vehicle1030",2019,-3,0.000142119270964746,17015,0.136912091299505,0,-0.299630086719367
"5","Vehicle1019","Vehicle1030",2020,-4,0.000338342913390257,17015,0.136912091299505,0,-0.299630086719367
"6","Vehicle1019","Vehicle1030",2018,-2,1.79901204970984e-07,17015,0.136912091299505,0,-0.299630086719367
"7","Vehicle102","Vehicle113",161,-2,0.000282795176536315,1381,0.114487331764845,0,0.657091178519476
"8","Vehicle1020","Vehicle1030",2022,-2,4.90588388722568e-05,17034,0.104762643642355,0,-0.557259377102596
"9","Vehicle1036","Vehicle1038",2049,-2,3.13870796811844e-05,17280,0.126147140524613,0,-0.957498113895293
"10","Vehicle1036","Vehicle1038",2050,-3,0.000211646796028255,17280,0.126147140524613,0,-0.957498113895293
"11","Vehicle1046","Vehicle1048",2070,-2,0.000153792624949588,17404,0.115748741013183,0,-0.988445853698119
"12","Vehicle1048","Vehicle1054",2074,-3,7.55219117666037e-05,17430,0.131114009476286,0,-0.968945968369353
"13","Vehicle1050","Vehicle1056",2077,-2,0.000541517777158812,17455,0.217903456787868,0,-0.991786054993959
"14","Vehicle1052","Vehicle1053",2080,-3,2.42017384318506e-05,17466,0.110218346180177,0,-0.847223992099683
"15","Vehicle1053","Vehicle1057",2084,-3,0.000111070013735681,17473,0.172876496645926,0,-0.951380631542666
"16","Vehicle1065","Vehicle1068",2103,-4,0.000905896057261459,17535,0.187778187440755,0,-0.806682089488646
"17","Vehicle1072","Vehicle1080",2112,-3,5.82984402998119e-05,17595,0.101881128271898,0,-0.434302877389623
"18","Vehicle1075","Vehicle1079",2116,-2,7.62494183855578e-05,17606,0.150885288222709,0,-0.525473910517995
"19","Vehicle1086","Vehicle1090",2140,-2,0.000490054484993567,17739,0.15821871504475,0,-0.569466367872462
"20","Vehicle1089","Vehicle1097",2148,-4,0.000181700399127483,17770,0.105725669076939,0,-0.712219388019762
"21","Vehicle1090","Vehicle1096",2151,-4,0.000593705004155958,17791,0.147376753927538,0,-0.803210931959186
"22","Vehicle1093","Vehicle1101",2158,-3,5.75606504095372e-07,17843,0.150097685366545,0,-0.958519798343058
"23","Vehicle1093","Vehicle1101",2157,-2,3.80363756648375e-05,17843,0.150097685366545,0,-0.958519798343058
"24","Vehicle1093","Vehicle1101",2159,-4,8.88075325954906e-05,17843,0.150097685366545,0,-0.958519798343058
"25","Vehicle1113","Vehicle1133",2192,-3,0.000979399716809114,18224,0.10869337258743,0,-0.985538927336187
"26","Vehicle1113","Vehicle1133",2193,-4,0.000242105302798375,18224,0.10869337258743,0,-0.985538927336187
"27","Vehicle1126","Vehicle1140",2215,-2,0.000291312508567527,18466,0.143500695040587,0,-0.995546026772096
"28","Vehicle1129","Vehicle1133",2220,-3,0.000976428282225228,18529,0.101755497741424,0,0.397075476340739
"29","Vehicle1129","Vehicle1133",2221,-4,1.02210206741189e-05,18529,0.101755497741424,0,0.397075476340739
"30","Vehicle1129","Vehicle1133",2219,-2,6.59204896805203e-06,18529,0.101755497741424,0,0.397075476340739
"31","Vehicle1136","Vehicle1140",2244,-3,0.000499437747430456,18666,0.15821871504475,0,-0.967326226043939
"32","Vehicle1136","Vehicle1140",2243,-2,0.000390550832660224,18666,0.15821871504475,0,-0.967326226043939
"33","Vehicle1161","Vehicle1167",2287,-2,0.000864028984441027,19040,0.130730886389214,0,-0.975078576098875
"34","Vehicle1178","Vehicle1190",2317,-4,0.000364918708043744,19233,0.119963013091865,0,-0.752623628359958
"35","Vehicle1187","Vehicle1190",2329,-2,0.000205418079040216,19333,0.101999022160741,0,-0.633179136955674
"36","Vehicle1192","Vehicle1200",2336,-2,0.000303629802730452,19395,0.157151639256523,0,-0.981466606923229
"37","Vehicle1193","Vehicle1200",2338,-2,0.000303600496345124,19406,0.110677799832276,0,-0.983324668789932
"38","Vehicle1199","Vehicle1212",2349,-4,0.000669481156029152,19481,0.161767670154827,0,0.0545754797819803
"39","Vehicle1208","Vehicle1210",2363,-2,0.000199187238191944,19597,0.22867154369663,0,-0.905095225653595
"40","Vehicle1226","Vehicle1245",2398,-3,0.000535141793189059,19912,0.136107059584803,0,-0.958011919753985
"41","Vehicle1232","Vehicle1242",2414,-3,0.000191234294412286,20020,0.100737132592267,0,-0.167681327927207
"42","Vehicle1233","Vehicle1250",2418,-3,0.000781910408543173,20041,0.10617111029882,0,-0.877572984950413
"43","Vehicle1233","Vehicle1250",2419,-4,0.000382832060080036,20041,0.10617111029882,0,-0.877572984950413
"44","Vehicle1234","Vehicle1252",2421,-2,0.000314050555759441,20062,0.141104463652232,0,-0.971953342267268
"45","Vehicle1277","Vehicle1280",2497,-3,0.000238039591262929,20618,0.201792069044391,0,-0.829669837872075
"46","Vehicle1291","Vehicle1294",2517,-2,0.000946977493113,20868,0.11378045154657,0,-0.995392068444772
"47","Vehicle1296","Vehicle1315",2524,-2,0.000443998311710998,20978,0.132514748777731,0,-0.918671506053015
"48","Vehicle1299","Vehicle1313",2535,-3,8.64639109372418e-05,21072,0.129997365314776,0,-0.151215683804747
"49","Vehicle1299","Vehicle1325",2537,-2,9.48157237905411e-06,21084,0.16523870068474,0,-0.28040933588988
"50","Vehicle1330","Vehicle1349",2623,-2,4.07867260305413e-06,22011,0.12676482232998,0,-0.892404282248227
"51","Vehicle1330","Vehicle1349",2625,-4,2.12018351981029e-05,22011,0.12676482232998,0,-0.892404282248227
"52","Vehicle1330","Vehicle1349",2624,-3,0.00090790171309178,22011,0.12676482232998,0,-0.892404282248227
"53","Vehicle1348","Vehicle1355",2667,-4,0.000225002393197445,22318,0.162718266592064,0,0.7128621351124
"54","Vehicle1359","Vehicle1374",2695,-2,0.000422584915582682,22454,0.207674536749373,0,-0.899725634157515
"55","Vehicle1359","Vehicle1374",2696,-3,0.00084890586355149,22454,0.207674536749373,0,-0.899725634157515
"56","Vehicle1362","Vehicle1367",2704,-3,1.38734201840567e-05,22527,0.101230841593415,0,-0.435168885485031
"57","Vehicle1362","Vehicle1368",2705,-2,0.000438518475049555,22528,0.136152469032349,0,0.630930749382439
"58","Vehicle1362","Vehicle1373",2707,-4,0.000317130654392459,22533,0.13101866077565,0,-0.705468499375684
"59","Vehicle1362","Vehicle1373",2706,-3,0.000255362258848673,22533,0.13101866077565,0,-0.705468499375684
"60","Vehicle1372","Vehicle1377",2735,-2,0.000853450853135093,22682,0.11794016260618,0,-0.963390112519287
"61","Vehicle1373","Vehicle1374",2737,-3,0.000289559598630759,22693,0.105312517195402,0,0.801922913350211
"62","Vehicle1439","Vehicle1444",2830,-3,0.000892086314388645,23570,0.302879430018361,0,-0.899065476477967
"63","Vehicle1443","Vehicle1450",2834,-2,0.000299259204202314,23591,0.208605248969721,0,-0.459835328362471
"64","Vehicle1454","Vehicle1463",2860,-3,0.000327885162598796,23742,0.118193450353286,0,0.0140098164163864
"65","Vehicle1472","Vehicle1476",2889,-3,0.000213752770151268,23940,0.156549382821614,0,-0.276415305635744
"66","Vehicle1475","Vehicle1479",2896,-4,0.000925674110856746,23981,0.201261056351085,0,0.297247728271745
"67","Vehicle1475","Vehicle1479",2895,-3,0.000516779017290789,23981,0.201261056351085,0,0.297247728271745
"68","Vehicle1478","Vehicle1481",2903,-2,0.000479145452010777,24021,0.140550776247225,0,-0.961384963634395
"69","Vehicle1478","Vehicle1481",2904,-3,0.000379639528321981,24021,0.140550776247225,0,-0.961384963634395
"70","Vehicle1478","Vehicle1481",2905,-4,0.000837109149378792,24021,0.140550776247225,0,-0.961384963634395
"71","Vehicle1488","Vehicle1500",2921,-3,0.000119903691009227,24257,0.10577473325263,0,-0.947724292397436
"72","Vehicle1496","Vehicle1507",2939,-3,0.000108239720828872,24427,0.19472948264506,0,-0.798159816543188
"73","Vehicle1497","Vehicle1500",2941,-2,0.000408485515907834,24438,0.122240353750217,0,0.948775310994983
"74","Vehicle1497","Vehicle1514",2942,-3,6.34542597535366e-05,24452,0.164878209330702,0,-0.879616978442965
"75","Vehicle1497","Vehicle1514",2943,-4,0.000279590491032951,24452,0.164878209330702,0,-0.879616978442965
"76","Vehicle16","Vehicle17",24,-2,8.30153246533757e-06,113,0.112844477839196,0,0.85519547324317
"77","Vehicle160","Vehicle167",257,-3,0.000823344692892239,2119,0.113330071342104,0,-0.902581014068862
"78","Vehicle167","Vehicle185",266,-3,0.000358451313467965,2226,0.107989946842915,0,-0.890578971317046
"79","Vehicle171","Vehicle172",271,-3,2.93202820734558e-05,2255,0.213210106913708,0,-0.740761402312241
"80","Vehicle171","Vehicle172",272,-4,0.000733309373484177,2255,0.213210106913708,0,-0.740761402312241
"81","Vehicle174","Vehicle180",277,-3,1.98620964796699e-05,2279,0.13310818722563,0,-0.950967516982631
"82","Vehicle174","Vehicle191",279,-3,0.000273526953987091,2290,0.100649711608963,0,-0.863296688937508
"83","Vehicle180","Vehicle203",301,-3,0.000250978988378505,2420,0.11109049660645,0,-0.975788523469403
"84","Vehicle180","Vehicle203",300,-2,1.39083190625148e-06,2420,0.11109049660645,0,-0.975788523469403
"85","Vehicle181","Vehicle183",303,-3,0.000278454005842791,2426,0.122311828922939,0,-0.98456578022048
"86","Vehicle187","Vehicle191",320,-2,0.000743739773617182,2525,0.203294068745642,0,-0.992236514000429
"87","Vehicle192","Vehicle196",333,-3,0.000542838648569772,2642,0.212634995696623,0,-0.889681596105961
"88","Vehicle192","Vehicle196",334,-4,0.000208295409388442,2642,0.212634995696623,0,-0.889681596105961
"89","Vehicle194","Vehicle200",339,-3,1.5117287013993e-05,2688,0.105607019047771,0,-0.758110022212597
"90","Vehicle194","Vehicle200",340,-4,0.000199130956770806,2688,0.105607019047771,0,-0.758110022212597
"91","Vehicle200","Vehicle227",351,-2,0.00020202512671235,2817,0.158428507813778,0,-0.976580215524968
"92","Vehicle205","Vehicle213",363,-3,0.000824221925254895,2923,0.132407381732759,0,-0.989167907126404
"93","Vehicle208","Vehicle225",373,-4,0.000347828166025826,2963,0.123049236099739,0,-0.992635914863955
"94","Vehicle23","Vehicle24",36,-3,0.000526851623664389,206,0.122909802368737,0,-0.581993670997388
"95","Vehicle24","Vehicle27",38,-2,0.000253468382803529,212,0.125051565469811,0,0.214635123754169
"96","Vehicle24","Vehicle31",40,-3,0.000691955247687795,216,0.299985322865312,0,0.852514376929522
"97","Vehicle24","Vehicle31",39,-2,3.47474018952488e-06,216,0.299985322865312,0,0.852514376929522
"98","Vehicle241","Vehicle246",424,-2,0.000363520245607561,3394,0.213785422645841,0,-0.825970940673563
"99","Vehicle245","Vehicle247",432,-3,9.60717480488983e-06,3451,0.127799433150152,0,-0.994749544765169
"100","Vehicle245","Vehicle247",433,-4,0.000618047106084985,3451,0.127799433150152,0,-0.994749544765169
"101","Vehicle252","Vehicle253",443,-2,0.000126425590622674,3584,0.171164703134112,0,-0.96275453822551
"102","Vehicle260","Vehicle267",467,-2,0.000174380840105175,3707,0.143965894732973,0,-0.65283001247558
"103","Vehicle264","Vehicle275",473,-3,0.000503681660106368,3773,0.134191973188068,0,-0.6217906097776
"104","Vehicle267","Vehicle271",480,-3,0.000746217821083303,3807,0.164694654006285,0,0.294039225446616
"105","Vehicle280","Vehicle287",513,-2,0.000221560020598189,4132,0.117664994237414,0,-0.945144363739371
"106","Vehicle287","Vehicle301",525,-3,0.000660240884944411,4312,0.141116478220168,0,0.310995348286368
"107","Vehicle295","Vehicle307",544,-2,0.000555788569018991,4491,0.141494144862665,0,0.684914169543836
"108","Vehicle295","Vehicle307",545,-4,0.000483346186941816,4491,0.141494144862665,0,0.684914169543836
"109","Vehicle297","Vehicle313",553,-3,0.000678192482383174,4539,0.144347506005174,0,-0.946616889143085
"110","Vehicle297","Vehicle313",554,-4,0.000960824195834025,4539,0.144347506005174,0,-0.946616889143085
"111","Vehicle297","Vehicle313",552,-2,0.000701086895744451,4539,0.144347506005174,0,-0.946616889143085
"112","Vehicle310","Vehicle318",580,-2,0.000894418613630417,4788,0.197941841472078,0,-0.414879817393921
"113","Vehicle316","Vehicle324",591,-2,0.000745357861693423,4907,0.136583004190661,0,-0.935002793710102
"114","Vehicle331","Vehicle338",622,-2,0.000126620550273649,5188,0.109811614799663,0,-0.486468841972123
"115","Vehicle336","Vehicle340",633,-2,2.55372624390806e-05,5264,0.121423822627015,0,-0.967957234231689
"116","Vehicle336","Vehicle340",634,-3,8.88640316380435e-05,5264,0.121423822627015,0,-0.967957234231689
"117","Vehicle336","Vehicle340",635,-4,0.00018238710628497,5264,0.121423822627015,0,-0.967957234231689
"118","Vehicle337","Vehicle338",637,-2,0.000603375237868685,5273,0.116455181164852,0,-0.987953308557854
"119","Vehicle337","Vehicle347",638,-2,0.000602450877637867,5282,0.154969777706728,0,-0.928271246009929
"120","Vehicle337","Vehicle347",639,-3,0.000444973012517266,5282,0.154969777706728,0,-0.928271246009929
"121","Vehicle341","Vehicle344",648,-4,0.000957549484445942,5332,0.168020207795286,0,-0.978813358824359
"122","Vehicle345","Vehicle346",653,-3,0.000645787915372749,5378,0.129262636448028,0,-0.913835175638804
"123","Vehicle350","Vehicle355",661,-2,0.000428480601510845,5437,0.160206468367554,0,-0.972402939244296
"124","Vehicle352","Vehicle355",666,-2,0.000769837641290611,5459,0.122122609548729,0,-0.99523398445538
"125","Vehicle357","Vehicle358",672,-2,1.75195084458235e-05,5512,0.134733485346651,0,-0.968124489087615
"126","Vehicle359","Vehicle366",675,-4,0.000244956495294003,5535,0.138176551590581,0,-0.935676471398572
"127","Vehicle373","Vehicle383",697,-3,0.000737085494077458,5675,0.153886506705323,0,-0.98856096167102
"128","Vehicle376","Vehicle379",705,-4,0.000125314018338664,5715,0.107587573067352,0,-0.981553542880908
"129","Vehicle376","Vehicle379",704,-3,0.000197594096958721,5715,0.107587573067352,0,-0.981553542880908
"130","Vehicle376","Vehicle379",703,-2,1.4057768986377e-05,5715,0.107587573067352,0,-0.981553542880908
"131","Vehicle391","Vehicle399",731,-2,0.000226589625923537,5935,0.102956620346427,0,-0.997057958304828
"132","Vehicle395","Vehicle398",740,-2,3.123762452527e-06,5975,0.223041968289578,0,-0.659847061342477
"133","Vehicle397","Vehicle401",745,-2,7.21733279061219e-06,5992,0.120167484628392,0,-0.924754762626014
"134","Vehicle40","Vehicle48",62,-2,0.000929244762684615,353,0.226761370773099,0,-0.933921036704491
"135","Vehicle412","Vehicle417",766,-2,7.39615412235056e-05,6159,0.170384878174531,0,-0.949621654655794
"136","Vehicle412","Vehicle424",769,-4,0.000231465487835692,6166,0.121106635182961,0,-0.558101758619583
"137","Vehicle412","Vehicle424",768,-2,0.000875488132089309,6166,0.121106635182961,0,-0.558101758619583
"138","Vehicle415","Vehicle424",775,-3,6.35358667164259e-05,6202,0.157268587643747,0,-0.993442282727213
"139","Vehicle415","Vehicle424",774,-2,3.65005032031281e-06,6202,0.157268587643747,0,-0.993442282727213
"140","Vehicle421","Vehicle425",784,-4,0.000411854690617948,6258,0.125540516856698,0,-0.974878742884854
"141","Vehicle421","Vehicle425",783,-3,0.000643728739807146,6258,0.125540516856698,0,-0.974878742884854
"142","Vehicle433","Vehicle444",798,-2,0.000108635888996158,6370,0.121146094541207,0,-0.926209356263516
"143","Vehicle434","Vehicle436",800,-4,0.000178589579195778,6373,0.129300118776579,0,-0.872276249844335
"144","Vehicle438","Vehicle439",805,-2,0.000395980070222512,6411,0.17806385214393,0,0.510513112819014
"145","Vehicle445","Vehicle465",816,-2,1.70298635272823e-05,6499,0.132926170821673,0,-0.998309699491574
"146","Vehicle451","Vehicle463",824,-3,0.000737247625704502,6590,0.137712135357017,0,-0.694524170038915
"147","Vehicle457","Vehicle458",831,-2,0.000304684847726538,6637,0.135347475925169,0,-0.646119296541753
"148","Vehicle461","Vehicle466",840,-4,0.00099954976679814,6723,0.290219992316553,0,-0.728475875622002
"149","Vehicle461","Vehicle466",839,-2,0.00098822234869741,6723,0.290219992316553,0,-0.728475875622002
"150","Vehicle468","Vehicle477",856,-3,0.000852296199052062,6846,0.11625016591845,0,0.531368679160825
"151","Vehicle469","Vehicle475",858,-4,0.000182031739808314,6859,0.186625306955023,0,-0.862658188365936
"152","Vehicle471","Vehicle489",864,-3,0.000819325645836568,6919,0.12510823404457,0,-0.987219600985354
"153","Vehicle473","Vehicle495",870,-3,0.000904906446833238,6975,0.129329366996512,0,-0.929646937925071
"154","Vehicle485","Vehicle495",914,-2,0.000487149783764523,7257,0.103503723073514,0,-0.863669152816729
"155","Vehicle488","Vehicle495",920,-2,2.41798518680799e-05,7325,0.1228809452184,0,-0.870151861778438
"156","Vehicle488","Vehicle495",921,-3,0.000611167366857583,7325,0.1228809452184,0,-0.870151861778438
"157","Vehicle491","Vehicle495",935,-4,0.000205530396930176,7396,0.165965198557055,0,0.479971692543879
"158","Vehicle491","Vehicle495",933,-2,1.96467857041924e-07,7396,0.165965198557055,0,0.479971692543879
"159","Vehicle491","Vehicle495",934,-3,0.000558365564908251,7396,0.165965198557055,0,0.479971692543879
"160","Vehicle5","Vehicle7",8,-3,1.58177486611417e-06,15,0.276497491356122,0,-0.662314137890472
"161","Vehicle5","Vehicle7",9,-4,0.000750010868252877,15,0.276497491356122,0,-0.662314137890472
"162","Vehicle5","Vehicle7",7,-2,8.87312762912743e-08,15,0.276497491356122,0,-0.662314137890472
"163","Vehicle508","Vehicle509",971,-4,0.000657141812655284,7730,0.155077359279326,0,-0.988543259352092
"164","Vehicle508","Vehicle509",970,-3,0.00010936381836594,7730,0.155077359279326,0,-0.988543259352092
"165","Vehicle508","Vehicle510",972,-3,0.000308019170629745,7731,0.111283435849224,0,-0.438939438480163
"166","Vehicle509","Vehicle521",976,-4,0.00065312121837291,7755,0.148890204330961,0,-0.915897964793107
"167","Vehicle534","Vehicle536",1011,-3,0.000872127063768972,7994,0.10485420148099,0,0.13429944121184
"168","Vehicle536","Vehicle537",1015,-2,0.000998645811100447,8018,0.187272159394362,0,-0.932534105435079
"169","Vehicle536","Vehicle538",1016,-2,0.00054301275276481,8019,0.106799871136033,0,-0.851494717872779
"170","Vehicle552","Vehicle563",1046,-4,0.000991362096849304,8224,0.105706327174629,0,0.226062050552235
"171","Vehicle552","Vehicle563",1045,-3,4.56185089165333e-05,8224,0.105706327174629,0,0.226062050552235
"172","Vehicle552","Vehicle563",1044,-2,1.24712808900307e-05,8224,0.105706327174629,0,0.226062050552235
"173","Vehicle558","Vehicle559",1055,-2,0.000492039144433783,8292,0.222141230955833,0,-0.883190843985365
"174","Vehicle559","Vehicle560",1058,-2,0.000109161318090099,8305,0.145949751823189,0,-0.0901221569332443
"175","Vehicle559","Vehicle560",1059,-3,5.38349898662914e-05,8305,0.145949751823189,0,-0.0901221569332443
"176","Vehicle582","Vehicle594",1096,-3,0.00045876407984654,8634,0.146606848007543,0,-0.777907957344071
"177","Vehicle585","Vehicle595",1101,-3,5.07219588199158e-05,8660,0.102196570027115,0,-0.782358432332093
"178","Vehicle591","Vehicle595",1122,-4,0.000225352627198965,8775,0.123459891884748,0,-0.618293058437617
"179","Vehicle595","Vehicle599",1132,-2,5.59649634005651e-05,8847,0.147598111076683,0,0.559771775626116
"180","Vehicle595","Vehicle599",1133,-3,0.00036089583215062,8847,0.147598111076683,0,0.559771775626116
"181","Vehicle619","Vehicle621",1176,-2,5.30889203223319e-06,9112,0.113058036452587,0,-0.147376870002278
"182","Vehicle632","Vehicle643",1189,-3,0.00016535285671545,9206,0.128584892275008,0,-0.89809696074803
"183","Vehicle638","Vehicle648",1197,-4,0.000118695924141798,9286,0.207946234407474,0,-0.612535993727146
"184","Vehicle642","Vehicle647",1206,-2,0.000286354272775843,9349,0.159682998810902,0,-0.975920980275359
"185","Vehicle652","Vehicle660",1230,-2,5.07007401101132e-06,9527,0.132778494869533,0,-0.221461176608247
"186","Vehicle652","Vehicle660",1231,-3,3.69676898988543e-05,9527,0.132778494869533,0,-0.221461176608247
"187","Vehicle655","Vehicle667",1238,-3,0.000771602984950956,9593,0.174736454637842,0,-0.901503769050023
"188","Vehicle676","Vehicle686",1278,-2,0.000715412043213281,9951,0.122482356809819,0,-0.846223900536032
"189","Vehicle676","Vehicle686",1279,-3,4.20082502752245e-08,9951,0.122482356809819,0,-0.846223900536032
"190","Vehicle677","Vehicle686",1282,-3,3.44946519026963e-06,9966,0.117721329622311,0,-0.922960428092577
"191","Vehicle680","Vehicle691",1290,-3,6.5938972407212e-06,10016,0.130148008641659,0,0.402446558437394
"192","Vehicle680","Vehicle691",1291,-4,8.48840019310775e-05,10016,0.130148008641659,0,0.402446558437394
"193","Vehicle680","Vehicle691",1289,-2,3.4112839448904e-05,10016,0.130148008641659,0,0.402446558437394
"194","Vehicle682","Vehicle689",1301,-3,0.000226725471609614,10061,0.133411174529968,0,-0.781514432537447
"195","Vehicle682","Vehicle689",1300,-2,0.000506837334555403,10061,0.133411174529968,0,-0.781514432537447
"196","Vehicle683","Vehicle687",1308,-3,4.79121778811652e-07,10076,0.12315127102439,0,-0.941238256017611
"197","Vehicle683","Vehicle687",1307,-2,2.55973378667802e-05,10076,0.12315127102439,0,-0.941238256017611
"198","Vehicle683","Vehicle700",1309,-3,0.000184870454360953,10089,0.106841590602453,0,-0.774343522931508
"199","Vehicle685","Vehicle695",1314,-3,0.000629354958400673,10128,0.119402355366201,0,-0.952803083458547
"200","Vehicle685","Vehicle695",1315,-4,0.000626626958983001,10128,0.119402355366201,0,-0.952803083458547
"201","Vehicle688","Vehicle700",1319,-2,9.18820374433281e-05,10206,0.149359035729807,0,-0.986686051048098
"202","Vehicle688","Vehicle700",1320,-3,7.07411162460701e-05,10206,0.149359035729807,0,-0.986686051048098
"203","Vehicle696","Vehicle700",1341,-2,0.000233491550889403,10453,0.11147396727581,0,0.906164161779597
"204","Vehicle696","Vehicle702",1343,-3,6.58458346211714e-06,10455,0.113416362537611,0,0.370845093003251
"205","Vehicle696","Vehicle702",1342,-2,0.000546886708000095,10455,0.113416362537611,0,0.370845093003251
"206","Vehicle702","Vehicle721",1362,-2,0.000232838483350499,10685,0.158578452737012,0,-0.89680570814719
"207","Vehicle710","Vehicle712",1376,-3,0.000810585113612755,10976,0.13267755286767,0,-0.282823211837591
"208","Vehicle712","Vehicle723",1388,-3,6.29460558861353e-06,11076,0.118358908868728,0,0.0986639544921986
"209","Vehicle712","Vehicle723",1387,-2,8.22378228575495e-09,11076,0.118358908868728,0,0.0986639544921986
"210","Vehicle712","Vehicle723",1389,-4,2.16734905800627e-05,11076,0.118358908868728,0,0.0986639544921986
"211","Vehicle720","Vehicle746",1411,-2,0.000456444517379434,11394,0.25494993807136,0,-0.930952301147245
"212","Vehicle722","Vehicle738",1417,-2,0.000364449012936154,11446,0.254605049112105,0,-0.966048994551221
"213","Vehicle728","Vehicle735",1432,-3,4.50255833292516e-06,11611,0.135513075503129,0,-0.944911269970728
"214","Vehicle728","Vehicle735",1433,-4,0.00034234966404563,11611,0.135513075503129,0,-0.944911269970728
"215","Vehicle728","Vehicle735",1431,-2,5.06340521084135e-06,11611,0.135513075503129,0,-0.944911269970728
"216","Vehicle728","Vehicle738",1434,-2,0.000969960685029013,11614,0.136075998869204,0,-0.879632442259122
"217","Vehicle732","Vehicle745",1443,-3,0.000461499373269327,11751,0.147762009245996,0,-0.687420501756682
"218","Vehicle735","Vehicle745",1449,-3,0.000887028097766425,11821,0.107858811605964,0,-0.245644990603985
"219","Vehicle745","Vehicle761",1478,-4,0.00071698279321664,12120,0.133662704688216,0,-0.727998518582008
"220","Vehicle760","Vehicle773",1508,-2,0.000517112072762515,12514,0.114348140005987,0,-0.968958990702239
"221","Vehicle760","Vehicle773",1509,-3,2.34042383890779e-05,12514,0.114348140005987,0,-0.968958990702239
"222","Vehicle781","Vehicle788",1552,-3,0.000621788199062705,12878,0.146895341054332,0,-0.447417206116113
"223","Vehicle784","Vehicle788",1558,-3,0.000159542523967222,12913,0.146895341054332,0,-0.682242727317866
"224","Vehicle784","Vehicle788",1557,-2,9.79847273393051e-05,12913,0.146895341054332,0,-0.682242727317866
"225","Vehicle799","Vehicle802",1577,-2,0.000145207772414083,13028,0.113779224764057,0,-0.204706692942144
"226","Vehicle806","Vehicle808",1587,-3,0.000579549204545478,13114,0.177037993159377,0,-0.101169202694815
"227","Vehicle806","Vehicle808",1588,-4,2.23424222103108e-05,13114,0.177037993159377,0,-0.101169202694815
"228","Vehicle807","Vehicle818",1590,-2,5.89073390824573e-05,13133,0.112944277266444,0,-0.614507604538214
"229","Vehicle808","Vehicle810",1592,-2,0.000839162575300574,13136,0.115235231893729,0,-0.927242088949286
"230","Vehicle812","Vehicle818",1597,-2,0.000541766076819202,13189,0.162944277266444,0,-0.983007147153805
"231","Vehicle816","Vehicle817",1604,-4,0.000187761307788078,13221,0.311184000171082,0,-0.936515402111388
"232","Vehicle816","Vehicle817",1602,-2,4.90703721102484e-05,13221,0.311184000171082,0,-0.936515402111388
"233","Vehicle816","Vehicle817",1603,-3,0.00041999019330062,13221,0.311184000171082,0,-0.936515402111388
"234","Vehicle820","Vehicle821",1611,-4,0.000330371445883984,13254,0.104919827048797,0,-0.660662595583378
"235","Vehicle824","Vehicle825",1616,-4,0.000753132397217953,13293,0.283062669339,0,0.759501025140858
"236","Vehicle830","Vehicle835",1627,-3,0.000108344464494738,13354,0.131063345925997,0,-0.995408984432068
"237","Vehicle830","Vehicle835",1628,-4,0.000843735287586112,13354,0.131063345925997,0,-0.995408984432068
"238","Vehicle84","Vehicle87",138,-2,0.000988970316730167,1153,0.115716399191568,0,0.0409216024909873
"239","Vehicle843","Vehicle849",1666,-3,5.86132397379524e-06,13518,0.148855024782286,0,-0.579832331884304
"240","Vehicle85","Vehicle92",140,-2,0.000793137997965795,1165,0.116105304526879,0,-0.232440792961149
"241","Vehicle85","Vehicle92",141,-3,3.03648082129143e-05,1165,0.116105304526879,0,-0.232440792961149
"242","Vehicle858","Vehicle887",1712,-2,0.000209042983990859,13946,0.11251612829162,0,-0.509454115219285
"243","Vehicle870","Vehicle876",1737,-3,0.000153415657052991,14269,0.113628326122775,0,-0.969516214625883
"244","Vehicle870","Vehicle880",1738,-4,0.000646792865512579,14273,0.125623264933507,0,-0.967895255308137
"245","Vehicle871","Vehicle887",1744,-3,0.000123267907486851,14304,0.17834984637458,0,-0.625878135440803
"246","Vehicle871","Vehicle889",1745,-4,0.000953189398622161,14306,0.116396430296861,0,0.340409713320783
"247","Vehicle892","Vehicle894",1795,-2,0.000574674788751894,14723,0.141520951317876,0,-0.731757085552062
"248","Vehicle893","Vehicle894",1797,-2,2.18912876060042e-05,14745,0.1428740507452,0,-0.285061539063018
"249","Vehicle893","Vehicle894",1798,-4,0.000690164460777852,14745,0.1428740507452,0,-0.285061539063018
"250","Vehicle913","Vehicle926",1833,-3,0.000325277841546541,15131,0.386151273185766,0,-0.783766175381883
"251","Vehicle913","Vehicle926",1832,-2,1.23524641023214e-05,15131,0.386151273185766,0,-0.783766175381883
"252","Vehicle918","Vehicle937",1840,-3,0.000934318842687725,15198,0.160780392104065,0,-0.869165452080156
"253","Vehicle923","Vehicle924",1846,-2,0.000461881046933339,15267,0.101892314729625,0,0.980851834615316
"254","Vehicle923","Vehicle924",1847,-3,0.000184642363615689,15267,0.101892314729625,0,0.980851834615316
"255","Vehicle931","Vehicle935",1862,-3,0.000512345018421818,15449,0.100622628218925,0,-0.978491464356314
"256","Vehicle937","Vehicle955",1876,-4,0.000725880804958036,15565,0.129978313645039,0,-0.603343407876865
"257","Vehicle937","Vehicle955",1875,-2,0.000206345193976365,15565,0.129978313645039,0,-0.603343407876865
"258","Vehicle952","Vehicle960",1901,-2,2.7183915828231e-05,15832,0.23987028034344,0,0.566264116408076
"259","Vehicle955","Vehicle974",1913,-4,0.000578236826295982,15903,0.102155566219277,0,0.422652163498258
"260","Vehicle955","Vehicle974",1911,-2,8.19472004339215e-05,15903,0.102155566219277,0,0.422652163498258
"261","Vehicle955","Vehicle974",1912,-3,0.000731832681676215,15903,0.102155566219277,0,0.422652163498258
"262","Vehicle957","Vehicle960",1916,-2,0.000598887469179067,15935,0.136477492202555,0,-0.878929950174706
"263","Vehicle970","Vehicle975",1943,-2,0.000655639696932197,16191,0.100907615133724,0,-0.959801923987529
"264","Vehicle976","Vehicle986",1953,-3,0.000175725014675887,16362,0.121497110292616,0,0.452305305546704
"265","Vehicle978","Vehicle994",1957,-3,0.000812411736694327,16407,0.109909820096879,0,-0.998004403247108
